TC_ID,i_schoolbus_direction,i_schoolbus_status,c_time,c_weather,o_ego_status,InputImageURL,ApplicationOutput,ID,subID,Image_Name
"TC_1","Backward lane","Loading","12:00PM","Cloudy","Stop","https://aitestingdata.s3.us-east-2.amazonaws.com/AI_TESTING_DEFAULT.png","NA","aV9zY2hvb2xidXNfc3RhdHVzI0xvYWRpbmd+aV9zY2hvb2xidXNfZGlyZWN0aW9uI0JhY2t3YXJkIGxhbmUkd2lsc29uc3VlbiNCdXMgb25seSMxIzE=","Y193ZWF0aGVyI0Nsb3VkeX5jX3RpbWUjMTI6MDBQTQ==","TC_1.png"
"TC_2","Backward lane","Loading","3:00PM","Cloudy","Stop","https://aitestingdata.s3.us-east-2.amazonaws.com/AI_TESTING_DEFAULT.png","NA","aV9zY2hvb2xidXNfc3RhdHVzI0xvYWRpbmd+aV9zY2hvb2xidXNfZGlyZWN0aW9uI0JhY2t3YXJkIGxhbmUkd2lsc29uc3VlbiNCdXMgb25seSMxIzE=","Y193ZWF0aGVyI0Nsb3VkeX5jX3RpbWUjMzowMFBN","TC_2.png"
"TC_3","Backward lane","Loading","5:00PM","Cloudy","Stop","https://aitestingdata.s3.us-east-2.amazonaws.com/AI_TESTING_DEFAULT.png","NA","aV9zY2hvb2xidXNfc3RhdHVzI0xvYWRpbmd+aV9zY2hvb2xidXNfZGlyZWN0aW9uI0JhY2t3YXJkIGxhbmUkd2lsc29uc3VlbiNCdXMgb25seSMxIzE=","Y193ZWF0aGVyI0Nsb3VkeX5jX3RpbWUjNTowMFBN","TC_3.png"
"TC_4","Backward lane","Loading","7:00PM","Cloudy","Stop","https://aitestingdata.s3.us-east-2.amazonaws.com/AI_TESTING_DEFAULT.png","NA","aV9zY2hvb2xidXNfc3RhdHVzI0xvYWRpbmd+aV9zY2hvb2xidXNfZGlyZWN0aW9uI0JhY2t3YXJkIGxhbmUkd2lsc29uc3VlbiNCdXMgb25seSMxIzE=","Y193ZWF0aGVyI0Nsb3VkeX5jX3RpbWUjNzowMFBN","TC_4.png"
"TC_5","Backward lane","Loading","8:00AM","Cloudy","Stop","https://aitestingdata.s3.us-east-2.amazonaws.com/AI_TESTING_DEFAULT.png","NA","aV9zY2hvb2xidXNfc3RhdHVzI0xvYWRpbmd+aV9zY2hvb2xidXNfZGlyZWN0aW9uI0JhY2t3YXJkIGxhbmUkd2lsc29uc3VlbiNCdXMgb25seSMxIzE=","Y193ZWF0aGVyI0Nsb3VkeX5jX3RpbWUjODowMEFN","TC_5.png"
"TC_6","Backward lane","Loading","12:00PM","Foggy","Stop","https://aitestingdata.s3.us-east-2.amazonaws.com/AI_TESTING_DEFAULT.png","NA","aV9zY2hvb2xidXNfc3RhdHVzI0xvYWRpbmd+aV9zY2hvb2xidXNfZGlyZWN0aW9uI0JhY2t3YXJkIGxhbmUkd2lsc29uc3VlbiNCdXMgb25seSMxIzE=","Y193ZWF0aGVyI0ZvZ2d5fmNfdGltZSMxMjowMFBN","TC_6.png"
"TC_7","Backward lane","Loading","3:00PM","Foggy","Stop","https://aitestingdata.s3.us-east-2.amazonaws.com/AI_TESTING_DEFAULT.png","NA","aV9zY2hvb2xidXNfc3RhdHVzI0xvYWRpbmd+aV9zY2hvb2xidXNfZGlyZWN0aW9uI0JhY2t3YXJkIGxhbmUkd2lsc29uc3VlbiNCdXMgb25seSMxIzE=","Y193ZWF0aGVyI0ZvZ2d5fmNfdGltZSMzOjAwUE0=","TC_7.png"
"TC_8","Backward lane","Loading","5:00PM","Foggy","Stop","https://aitestingdata.s3.us-east-2.amazonaws.com/AI_TESTING_DEFAULT.png","NA","aV9zY2hvb2xidXNfc3RhdHVzI0xvYWRpbmd+aV9zY2hvb2xidXNfZGlyZWN0aW9uI0JhY2t3YXJkIGxhbmUkd2lsc29uc3VlbiNCdXMgb25seSMxIzE=","Y193ZWF0aGVyI0ZvZ2d5fmNfdGltZSM1OjAwUE0=","TC_8.png"
"TC_9","Backward lane","Loading","7:00PM","Foggy","Stop","https://aitestingdata.s3.us-east-2.amazonaws.com/AI_TESTING_DEFAULT.png","NA","aV9zY2hvb2xidXNfc3RhdHVzI0xvYWRpbmd+aV9zY2hvb2xidXNfZGlyZWN0aW9uI0JhY2t3YXJkIGxhbmUkd2lsc29uc3VlbiNCdXMgb25seSMxIzE=","Y193ZWF0aGVyI0ZvZ2d5fmNfdGltZSM3OjAwUE0=","TC_9.png"
"TC_10","Backward lane","Loading","8:00AM","Foggy","Stop","https://aitestingdata.s3.us-east-2.amazonaws.com/AI_TESTING_DEFAULT.png","NA","aV9zY2hvb2xidXNfc3RhdHVzI0xvYWRpbmd+aV9zY2hvb2xidXNfZGlyZWN0aW9uI0JhY2t3YXJkIGxhbmUkd2lsc29uc3VlbiNCdXMgb25seSMxIzE=","Y193ZWF0aGVyI0ZvZ2d5fmNfdGltZSM4OjAwQU0=","TC_10.png"
"TC_11","Backward lane","Loading","12:00PM","Rainning","Stop","https://aitestingdata.s3.us-east-2.amazonaws.com/AI_TESTING_DEFAULT.png","NA","aV9zY2hvb2xidXNfc3RhdHVzI0xvYWRpbmd+aV9zY2hvb2xidXNfZGlyZWN0aW9uI0JhY2t3YXJkIGxhbmUkd2lsc29uc3VlbiNCdXMgb25seSMxIzE=","Y193ZWF0aGVyI1JhaW5uaW5nfmNfdGltZSMxMjowMFBN","TC_11.png"
"TC_12","Backward lane","Loading","3:00PM","Rainning","Stop","https://aitestingdata.s3.us-east-2.amazonaws.com/AI_TESTING_DEFAULT.png","NA","aV9zY2hvb2xidXNfc3RhdHVzI0xvYWRpbmd+aV9zY2hvb2xidXNfZGlyZWN0aW9uI0JhY2t3YXJkIGxhbmUkd2lsc29uc3VlbiNCdXMgb25seSMxIzE=","Y193ZWF0aGVyI1JhaW5uaW5nfmNfdGltZSMzOjAwUE0=","TC_12.png"
"TC_13","Backward lane","Loading","5:00PM","Rainning","Stop","https://aitestingdata.s3.us-east-2.amazonaws.com/AI_TESTING_DEFAULT.png","NA","aV9zY2hvb2xidXNfc3RhdHVzI0xvYWRpbmd+aV9zY2hvb2xidXNfZGlyZWN0aW9uI0JhY2t3YXJkIGxhbmUkd2lsc29uc3VlbiNCdXMgb25seSMxIzE=","Y193ZWF0aGVyI1JhaW5uaW5nfmNfdGltZSM1OjAwUE0=","TC_13.png"
"TC_14","Backward lane","Loading","7:00PM","Rainning","Stop","https://aitestingdata.s3.us-east-2.amazonaws.com/AI_TESTING_DEFAULT.png","NA","aV9zY2hvb2xidXNfc3RhdHVzI0xvYWRpbmd+aV9zY2hvb2xidXNfZGlyZWN0aW9uI0JhY2t3YXJkIGxhbmUkd2lsc29uc3VlbiNCdXMgb25seSMxIzE=","Y193ZWF0aGVyI1JhaW5uaW5nfmNfdGltZSM3OjAwUE0=","TC_14.png"
"TC_15","Backward lane","Loading","8:00AM","Rainning","Stop","https://aitestingdata.s3.us-east-2.amazonaws.com/AI_TESTING_DEFAULT.png","NA","aV9zY2hvb2xidXNfc3RhdHVzI0xvYWRpbmd+aV9zY2hvb2xidXNfZGlyZWN0aW9uI0JhY2t3YXJkIGxhbmUkd2lsc29uc3VlbiNCdXMgb25seSMxIzE=","Y193ZWF0aGVyI1JhaW5uaW5nfmNfdGltZSM4OjAwQU0=","TC_15.png"
"TC_16","Backward lane","Loading","12:00PM","Sunny","Stop","https://aitestingdata.s3.us-east-2.amazonaws.com/AI_TESTING_DEFAULT.png","NA","aV9zY2hvb2xidXNfc3RhdHVzI0xvYWRpbmd+aV9zY2hvb2xidXNfZGlyZWN0aW9uI0JhY2t3YXJkIGxhbmUkd2lsc29uc3VlbiNCdXMgb25seSMxIzE=","Y193ZWF0aGVyI1N1bm55fmNfdGltZSMxMjowMFBN","TC_16.png"
"TC_17","Backward lane","Loading","3:00PM","Sunny","Stop","https://aitestingdata.s3.us-east-2.amazonaws.com/AI_TESTING_DEFAULT.png","NA","aV9zY2hvb2xidXNfc3RhdHVzI0xvYWRpbmd+aV9zY2hvb2xidXNfZGlyZWN0aW9uI0JhY2t3YXJkIGxhbmUkd2lsc29uc3VlbiNCdXMgb25seSMxIzE=","Y193ZWF0aGVyI1N1bm55fmNfdGltZSMzOjAwUE0=","TC_17.png"
"TC_18","Backward lane","Loading","5:00PM","Sunny","Stop","https://aitestingdata.s3.us-east-2.amazonaws.com/AI_TESTING_DEFAULT.png","NA","aV9zY2hvb2xidXNfc3RhdHVzI0xvYWRpbmd+aV9zY2hvb2xidXNfZGlyZWN0aW9uI0JhY2t3YXJkIGxhbmUkd2lsc29uc3VlbiNCdXMgb25seSMxIzE=","Y193ZWF0aGVyI1N1bm55fmNfdGltZSM1OjAwUE0=","TC_18.png"
"TC_19","Backward lane","Loading","7:00PM","Sunny","Stop","https://aitestingdata.s3.us-east-2.amazonaws.com/AI_TESTING_DEFAULT.png","NA","aV9zY2hvb2xidXNfc3RhdHVzI0xvYWRpbmd+aV9zY2hvb2xidXNfZGlyZWN0aW9uI0JhY2t3YXJkIGxhbmUkd2lsc29uc3VlbiNCdXMgb25seSMxIzE=","Y193ZWF0aGVyI1N1bm55fmNfdGltZSM3OjAwUE0=","TC_19.png"
"TC_20","Backward lane","Loading","8:00AM","Sunny","Stop","https://aitestingdata.s3.us-east-2.amazonaws.com/AI_TESTING_DEFAULT.png","NA","aV9zY2hvb2xidXNfc3RhdHVzI0xvYWRpbmd+aV9zY2hvb2xidXNfZGlyZWN0aW9uI0JhY2t3YXJkIGxhbmUkd2lsc29uc3VlbiNCdXMgb25seSMxIzE=","Y193ZWF0aGVyI1N1bm55fmNfdGltZSM4OjAwQU0=","TC_20.png"
"TC_21","Forward lane","Loading","12:00PM","Cloudy","Stop","https://aitestingdata.s3.us-east-2.amazonaws.com/AI_TESTING_DEFAULT.png","NA","aV9zY2hvb2xidXNfc3RhdHVzI0xvYWRpbmd+aV9zY2hvb2xidXNfZGlyZWN0aW9uI0ZvcndhcmQgbGFuZSR3aWxzb25zdWVuI0J1cyBvbmx5IzEjMQ==","Y193ZWF0aGVyI0Nsb3VkeX5jX3RpbWUjMTI6MDBQTQ==","TC_21.png"
"TC_22","Forward lane","Loading","3:00PM","Cloudy","Stop","https://aitestingdata.s3.us-east-2.amazonaws.com/AI_TESTING_DEFAULT.png","NA","aV9zY2hvb2xidXNfc3RhdHVzI0xvYWRpbmd+aV9zY2hvb2xidXNfZGlyZWN0aW9uI0ZvcndhcmQgbGFuZSR3aWxzb25zdWVuI0J1cyBvbmx5IzEjMQ==","Y193ZWF0aGVyI0Nsb3VkeX5jX3RpbWUjMzowMFBN","TC_22.png"
"TC_23","Forward lane","Loading","5:00PM","Cloudy","Stop","https://aitestingdata.s3.us-east-2.amazonaws.com/AI_TESTING_DEFAULT.png","NA","aV9zY2hvb2xidXNfc3RhdHVzI0xvYWRpbmd+aV9zY2hvb2xidXNfZGlyZWN0aW9uI0ZvcndhcmQgbGFuZSR3aWxzb25zdWVuI0J1cyBvbmx5IzEjMQ==","Y193ZWF0aGVyI0Nsb3VkeX5jX3RpbWUjNTowMFBN","TC_23.png"
"TC_24","Forward lane","Loading","7:00PM","Cloudy","Stop","https://aitestingdata.s3.us-east-2.amazonaws.com/AI_TESTING_DEFAULT.png","NA","aV9zY2hvb2xidXNfc3RhdHVzI0xvYWRpbmd+aV9zY2hvb2xidXNfZGlyZWN0aW9uI0ZvcndhcmQgbGFuZSR3aWxzb25zdWVuI0J1cyBvbmx5IzEjMQ==","Y193ZWF0aGVyI0Nsb3VkeX5jX3RpbWUjNzowMFBN","TC_24.png"
"TC_25","Forward lane","Loading","8:00AM","Cloudy","Stop","https://aitestingdata.s3.us-east-2.amazonaws.com/AI_TESTING_DEFAULT.png","NA","aV9zY2hvb2xidXNfc3RhdHVzI0xvYWRpbmd+aV9zY2hvb2xidXNfZGlyZWN0aW9uI0ZvcndhcmQgbGFuZSR3aWxzb25zdWVuI0J1cyBvbmx5IzEjMQ==","Y193ZWF0aGVyI0Nsb3VkeX5jX3RpbWUjODowMEFN","TC_25.png"
"TC_26","Forward lane","Loading","12:00PM","Foggy","Stop","https://aitestingdata.s3.us-east-2.amazonaws.com/AI_TESTING_DEFAULT.png","NA","aV9zY2hvb2xidXNfc3RhdHVzI0xvYWRpbmd+aV9zY2hvb2xidXNfZGlyZWN0aW9uI0ZvcndhcmQgbGFuZSR3aWxzb25zdWVuI0J1cyBvbmx5IzEjMQ==","Y193ZWF0aGVyI0ZvZ2d5fmNfdGltZSMxMjowMFBN","TC_26.png"
"TC_27","Forward lane","Loading","3:00PM","Foggy","Stop","https://aitestingdata.s3.us-east-2.amazonaws.com/AI_TESTING_DEFAULT.png","NA","aV9zY2hvb2xidXNfc3RhdHVzI0xvYWRpbmd+aV9zY2hvb2xidXNfZGlyZWN0aW9uI0ZvcndhcmQgbGFuZSR3aWxzb25zdWVuI0J1cyBvbmx5IzEjMQ==","Y193ZWF0aGVyI0ZvZ2d5fmNfdGltZSMzOjAwUE0=","TC_27.png"
"TC_28","Forward lane","Loading","5:00PM","Foggy","Stop","https://aitestingdata.s3.us-east-2.amazonaws.com/AI_TESTING_DEFAULT.png","NA","aV9zY2hvb2xidXNfc3RhdHVzI0xvYWRpbmd+aV9zY2hvb2xidXNfZGlyZWN0aW9uI0ZvcndhcmQgbGFuZSR3aWxzb25zdWVuI0J1cyBvbmx5IzEjMQ==","Y193ZWF0aGVyI0ZvZ2d5fmNfdGltZSM1OjAwUE0=","TC_28.png"
"TC_29","Forward lane","Loading","7:00PM","Foggy","Stop","https://aitestingdata.s3.us-east-2.amazonaws.com/AI_TESTING_DEFAULT.png","NA","aV9zY2hvb2xidXNfc3RhdHVzI0xvYWRpbmd+aV9zY2hvb2xidXNfZGlyZWN0aW9uI0ZvcndhcmQgbGFuZSR3aWxzb25zdWVuI0J1cyBvbmx5IzEjMQ==","Y193ZWF0aGVyI0ZvZ2d5fmNfdGltZSM3OjAwUE0=","TC_29.png"
"TC_30","Forward lane","Loading","8:00AM","Foggy","Stop","https://aitestingdata.s3.us-east-2.amazonaws.com/AI_TESTING_DEFAULT.png","NA","aV9zY2hvb2xidXNfc3RhdHVzI0xvYWRpbmd+aV9zY2hvb2xidXNfZGlyZWN0aW9uI0ZvcndhcmQgbGFuZSR3aWxzb25zdWVuI0J1cyBvbmx5IzEjMQ==","Y193ZWF0aGVyI0ZvZ2d5fmNfdGltZSM4OjAwQU0=","TC_30.png"
"TC_31","Forward lane","Loading","12:00PM","Rainning","Stop","https://aitestingdata.s3.us-east-2.amazonaws.com/AI_TESTING_DEFAULT.png","NA","aV9zY2hvb2xidXNfc3RhdHVzI0xvYWRpbmd+aV9zY2hvb2xidXNfZGlyZWN0aW9uI0ZvcndhcmQgbGFuZSR3aWxzb25zdWVuI0J1cyBvbmx5IzEjMQ==","Y193ZWF0aGVyI1JhaW5uaW5nfmNfdGltZSMxMjowMFBN","TC_31.png"
"TC_32","Forward lane","Loading","3:00PM","Rainning","Stop","https://aitestingdata.s3.us-east-2.amazonaws.com/AI_TESTING_DEFAULT.png","NA","aV9zY2hvb2xidXNfc3RhdHVzI0xvYWRpbmd+aV9zY2hvb2xidXNfZGlyZWN0aW9uI0ZvcndhcmQgbGFuZSR3aWxzb25zdWVuI0J1cyBvbmx5IzEjMQ==","Y193ZWF0aGVyI1JhaW5uaW5nfmNfdGltZSMzOjAwUE0=","TC_32.png"
"TC_33","Forward lane","Loading","5:00PM","Rainning","Stop","https://aitestingdata.s3.us-east-2.amazonaws.com/AI_TESTING_DEFAULT.png","NA","aV9zY2hvb2xidXNfc3RhdHVzI0xvYWRpbmd+aV9zY2hvb2xidXNfZGlyZWN0aW9uI0ZvcndhcmQgbGFuZSR3aWxzb25zdWVuI0J1cyBvbmx5IzEjMQ==","Y193ZWF0aGVyI1JhaW5uaW5nfmNfdGltZSM1OjAwUE0=","TC_33.png"
"TC_34","Forward lane","Loading","7:00PM","Rainning","Stop","https://aitestingdata.s3.us-east-2.amazonaws.com/AI_TESTING_DEFAULT.png","NA","aV9zY2hvb2xidXNfc3RhdHVzI0xvYWRpbmd+aV9zY2hvb2xidXNfZGlyZWN0aW9uI0ZvcndhcmQgbGFuZSR3aWxzb25zdWVuI0J1cyBvbmx5IzEjMQ==","Y193ZWF0aGVyI1JhaW5uaW5nfmNfdGltZSM3OjAwUE0=","TC_34.png"
"TC_35","Forward lane","Loading","8:00AM","Rainning","Stop","https://aitestingdata.s3.us-east-2.amazonaws.com/AI_TESTING_DEFAULT.png","NA","aV9zY2hvb2xidXNfc3RhdHVzI0xvYWRpbmd+aV9zY2hvb2xidXNfZGlyZWN0aW9uI0ZvcndhcmQgbGFuZSR3aWxzb25zdWVuI0J1cyBvbmx5IzEjMQ==","Y193ZWF0aGVyI1JhaW5uaW5nfmNfdGltZSM4OjAwQU0=","TC_35.png"
"TC_36","Forward lane","Loading","12:00PM","Sunny","Stop","https://aitestingdata.s3.us-east-2.amazonaws.com/AI_TESTING_DEFAULT.png","NA","aV9zY2hvb2xidXNfc3RhdHVzI0xvYWRpbmd+aV9zY2hvb2xidXNfZGlyZWN0aW9uI0ZvcndhcmQgbGFuZSR3aWxzb25zdWVuI0J1cyBvbmx5IzEjMQ==","Y193ZWF0aGVyI1N1bm55fmNfdGltZSMxMjowMFBN","TC_36.png"
"TC_37","Forward lane","Loading","3:00PM","Sunny","Stop","https://aitestingdata.s3.us-east-2.amazonaws.com/AI_TESTING_DEFAULT.png","NA","aV9zY2hvb2xidXNfc3RhdHVzI0xvYWRpbmd+aV9zY2hvb2xidXNfZGlyZWN0aW9uI0ZvcndhcmQgbGFuZSR3aWxzb25zdWVuI0J1cyBvbmx5IzEjMQ==","Y193ZWF0aGVyI1N1bm55fmNfdGltZSMzOjAwUE0=","TC_37.png"
"TC_38","Forward lane","Loading","5:00PM","Sunny","Stop","https://aitestingdata.s3.us-east-2.amazonaws.com/AI_TESTING_DEFAULT.png","NA","aV9zY2hvb2xidXNfc3RhdHVzI0xvYWRpbmd+aV9zY2hvb2xidXNfZGlyZWN0aW9uI0ZvcndhcmQgbGFuZSR3aWxzb25zdWVuI0J1cyBvbmx5IzEjMQ==","Y193ZWF0aGVyI1N1bm55fmNfdGltZSM1OjAwUE0=","TC_38.png"
"TC_39","Forward lane","Loading","7:00PM","Sunny","Stop","https://aitestingdata.s3.us-east-2.amazonaws.com/AI_TESTING_DEFAULT.png","NA","aV9zY2hvb2xidXNfc3RhdHVzI0xvYWRpbmd+aV9zY2hvb2xidXNfZGlyZWN0aW9uI0ZvcndhcmQgbGFuZSR3aWxzb25zdWVuI0J1cyBvbmx5IzEjMQ==","Y193ZWF0aGVyI1N1bm55fmNfdGltZSM3OjAwUE0=","TC_39.png"
"TC_40","Forward lane","Loading","8:00AM","Sunny","Stop","https://aitestingdata.s3.us-east-2.amazonaws.com/AI_TESTING_DEFAULT.png","NA","aV9zY2hvb2xidXNfc3RhdHVzI0xvYWRpbmd+aV9zY2hvb2xidXNfZGlyZWN0aW9uI0ZvcndhcmQgbGFuZSR3aWxzb25zdWVuI0J1cyBvbmx5IzEjMQ==","Y193ZWF0aGVyI1N1bm55fmNfdGltZSM4OjAwQU0=","TC_40.png"
"TC_41","Backward lane","Moving","12:00PM","Cloudy","Moving","https://aitestingdata.s3.us-east-2.amazonaws.com/AI_TESTING_DEFAULT.png","NA","aV9zY2hvb2xidXNfc3RhdHVzI01vdmluZ35pX3NjaG9vbGJ1c19kaXJlY3Rpb24jQmFja3dhcmQgbGFuZSR3aWxzb25zdWVuI0J1cyBvbmx5IzEjMQ==","Y193ZWF0aGVyI0Nsb3VkeX5jX3RpbWUjMTI6MDBQTQ==","TC_41.png"
"TC_42","Backward lane","Moving","3:00PM","Cloudy","Moving","https://aitestingdata.s3.us-east-2.amazonaws.com/AI_TESTING_DEFAULT.png","NA","aV9zY2hvb2xidXNfc3RhdHVzI01vdmluZ35pX3NjaG9vbGJ1c19kaXJlY3Rpb24jQmFja3dhcmQgbGFuZSR3aWxzb25zdWVuI0J1cyBvbmx5IzEjMQ==","Y193ZWF0aGVyI0Nsb3VkeX5jX3RpbWUjMzowMFBN","TC_42.png"
"TC_43","Backward lane","Moving","5:00PM","Cloudy","Moving","https://aitestingdata.s3.us-east-2.amazonaws.com/AI_TESTING_DEFAULT.png","NA","aV9zY2hvb2xidXNfc3RhdHVzI01vdmluZ35pX3NjaG9vbGJ1c19kaXJlY3Rpb24jQmFja3dhcmQgbGFuZSR3aWxzb25zdWVuI0J1cyBvbmx5IzEjMQ==","Y193ZWF0aGVyI0Nsb3VkeX5jX3RpbWUjNTowMFBN","TC_43.png"
"TC_44","Backward lane","Moving","7:00PM","Cloudy","Moving","https://aitestingdata.s3.us-east-2.amazonaws.com/AI_TESTING_DEFAULT.png","NA","aV9zY2hvb2xidXNfc3RhdHVzI01vdmluZ35pX3NjaG9vbGJ1c19kaXJlY3Rpb24jQmFja3dhcmQgbGFuZSR3aWxzb25zdWVuI0J1cyBvbmx5IzEjMQ==","Y193ZWF0aGVyI0Nsb3VkeX5jX3RpbWUjNzowMFBN","TC_44.png"
"TC_45","Backward lane","Moving","8:00AM","Cloudy","Moving","https://aitestingdata.s3.us-east-2.amazonaws.com/AI_TESTING_DEFAULT.png","NA","aV9zY2hvb2xidXNfc3RhdHVzI01vdmluZ35pX3NjaG9vbGJ1c19kaXJlY3Rpb24jQmFja3dhcmQgbGFuZSR3aWxzb25zdWVuI0J1cyBvbmx5IzEjMQ==","Y193ZWF0aGVyI0Nsb3VkeX5jX3RpbWUjODowMEFN","TC_45.png"
"TC_46","Backward lane","Moving","12:00PM","Foggy","Moving","https://aitestingdata.s3.us-east-2.amazonaws.com/AI_TESTING_DEFAULT.png","NA","aV9zY2hvb2xidXNfc3RhdHVzI01vdmluZ35pX3NjaG9vbGJ1c19kaXJlY3Rpb24jQmFja3dhcmQgbGFuZSR3aWxzb25zdWVuI0J1cyBvbmx5IzEjMQ==","Y193ZWF0aGVyI0ZvZ2d5fmNfdGltZSMxMjowMFBN","TC_46.png"
"TC_47","Backward lane","Moving","3:00PM","Foggy","Moving","https://aitestingdata.s3.us-east-2.amazonaws.com/AI_TESTING_DEFAULT.png","NA","aV9zY2hvb2xidXNfc3RhdHVzI01vdmluZ35pX3NjaG9vbGJ1c19kaXJlY3Rpb24jQmFja3dhcmQgbGFuZSR3aWxzb25zdWVuI0J1cyBvbmx5IzEjMQ==","Y193ZWF0aGVyI0ZvZ2d5fmNfdGltZSMzOjAwUE0=","TC_47.png"
"TC_48","Backward lane","Moving","5:00PM","Foggy","Moving","https://aitestingdata.s3.us-east-2.amazonaws.com/AI_TESTING_DEFAULT.png","NA","aV9zY2hvb2xidXNfc3RhdHVzI01vdmluZ35pX3NjaG9vbGJ1c19kaXJlY3Rpb24jQmFja3dhcmQgbGFuZSR3aWxzb25zdWVuI0J1cyBvbmx5IzEjMQ==","Y193ZWF0aGVyI0ZvZ2d5fmNfdGltZSM1OjAwUE0=","TC_48.png"
"TC_49","Backward lane","Moving","7:00PM","Foggy","Moving","https://aitestingdata.s3.us-east-2.amazonaws.com/AI_TESTING_DEFAULT.png","NA","aV9zY2hvb2xidXNfc3RhdHVzI01vdmluZ35pX3NjaG9vbGJ1c19kaXJlY3Rpb24jQmFja3dhcmQgbGFuZSR3aWxzb25zdWVuI0J1cyBvbmx5IzEjMQ==","Y193ZWF0aGVyI0ZvZ2d5fmNfdGltZSM3OjAwUE0=","TC_49.png"
"TC_50","Backward lane","Moving","8:00AM","Foggy","Moving","https://aitestingdata.s3.us-east-2.amazonaws.com/AI_TESTING_DEFAULT.png","NA","aV9zY2hvb2xidXNfc3RhdHVzI01vdmluZ35pX3NjaG9vbGJ1c19kaXJlY3Rpb24jQmFja3dhcmQgbGFuZSR3aWxzb25zdWVuI0J1cyBvbmx5IzEjMQ==","Y193ZWF0aGVyI0ZvZ2d5fmNfdGltZSM4OjAwQU0=","TC_50.png"
"TC_51","Backward lane","Moving","12:00PM","Rainning","Moving","https://aitestingdata.s3.us-east-2.amazonaws.com/AI_TESTING_DEFAULT.png","NA","aV9zY2hvb2xidXNfc3RhdHVzI01vdmluZ35pX3NjaG9vbGJ1c19kaXJlY3Rpb24jQmFja3dhcmQgbGFuZSR3aWxzb25zdWVuI0J1cyBvbmx5IzEjMQ==","Y193ZWF0aGVyI1JhaW5uaW5nfmNfdGltZSMxMjowMFBN","TC_51.png"
"TC_52","Backward lane","Moving","3:00PM","Rainning","Moving","https://aitestingdata.s3.us-east-2.amazonaws.com/AI_TESTING_DEFAULT.png","NA","aV9zY2hvb2xidXNfc3RhdHVzI01vdmluZ35pX3NjaG9vbGJ1c19kaXJlY3Rpb24jQmFja3dhcmQgbGFuZSR3aWxzb25zdWVuI0J1cyBvbmx5IzEjMQ==","Y193ZWF0aGVyI1JhaW5uaW5nfmNfdGltZSMzOjAwUE0=","TC_52.png"
"TC_53","Backward lane","Moving","5:00PM","Rainning","Moving","https://aitestingdata.s3.us-east-2.amazonaws.com/AI_TESTING_DEFAULT.png","NA","aV9zY2hvb2xidXNfc3RhdHVzI01vdmluZ35pX3NjaG9vbGJ1c19kaXJlY3Rpb24jQmFja3dhcmQgbGFuZSR3aWxzb25zdWVuI0J1cyBvbmx5IzEjMQ==","Y193ZWF0aGVyI1JhaW5uaW5nfmNfdGltZSM1OjAwUE0=","TC_53.png"
"TC_54","Backward lane","Moving","7:00PM","Rainning","Moving","https://aitestingdata.s3.us-east-2.amazonaws.com/AI_TESTING_DEFAULT.png","NA","aV9zY2hvb2xidXNfc3RhdHVzI01vdmluZ35pX3NjaG9vbGJ1c19kaXJlY3Rpb24jQmFja3dhcmQgbGFuZSR3aWxzb25zdWVuI0J1cyBvbmx5IzEjMQ==","Y193ZWF0aGVyI1JhaW5uaW5nfmNfdGltZSM3OjAwUE0=","TC_54.png"
"TC_55","Backward lane","Moving","8:00AM","Rainning","Moving","https://aitestingdata.s3.us-east-2.amazonaws.com/AI_TESTING_DEFAULT.png","NA","aV9zY2hvb2xidXNfc3RhdHVzI01vdmluZ35pX3NjaG9vbGJ1c19kaXJlY3Rpb24jQmFja3dhcmQgbGFuZSR3aWxzb25zdWVuI0J1cyBvbmx5IzEjMQ==","Y193ZWF0aGVyI1JhaW5uaW5nfmNfdGltZSM4OjAwQU0=","TC_55.png"
"TC_56","Backward lane","Moving","12:00PM","Sunny","Moving","https://aitestingdata.s3.us-east-2.amazonaws.com/AI_TESTING_DEFAULT.png","NA","aV9zY2hvb2xidXNfc3RhdHVzI01vdmluZ35pX3NjaG9vbGJ1c19kaXJlY3Rpb24jQmFja3dhcmQgbGFuZSR3aWxzb25zdWVuI0J1cyBvbmx5IzEjMQ==","Y193ZWF0aGVyI1N1bm55fmNfdGltZSMxMjowMFBN","TC_56.png"
"TC_57","Backward lane","Moving","3:00PM","Sunny","Moving","https://aitestingdata.s3.us-east-2.amazonaws.com/AI_TESTING_DEFAULT.png","NA","aV9zY2hvb2xidXNfc3RhdHVzI01vdmluZ35pX3NjaG9vbGJ1c19kaXJlY3Rpb24jQmFja3dhcmQgbGFuZSR3aWxzb25zdWVuI0J1cyBvbmx5IzEjMQ==","Y193ZWF0aGVyI1N1bm55fmNfdGltZSMzOjAwUE0=","TC_57.png"
"TC_58","Backward lane","Moving","5:00PM","Sunny","Moving","https://aitestingdata.s3.us-east-2.amazonaws.com/AI_TESTING_DEFAULT.png","NA","aV9zY2hvb2xidXNfc3RhdHVzI01vdmluZ35pX3NjaG9vbGJ1c19kaXJlY3Rpb24jQmFja3dhcmQgbGFuZSR3aWxzb25zdWVuI0J1cyBvbmx5IzEjMQ==","Y193ZWF0aGVyI1N1bm55fmNfdGltZSM1OjAwUE0=","TC_58.png"
"TC_59","Backward lane","Moving","7:00PM","Sunny","Moving","https://aitestingdata.s3.us-east-2.amazonaws.com/AI_TESTING_DEFAULT.png","NA","aV9zY2hvb2xidXNfc3RhdHVzI01vdmluZ35pX3NjaG9vbGJ1c19kaXJlY3Rpb24jQmFja3dhcmQgbGFuZSR3aWxzb25zdWVuI0J1cyBvbmx5IzEjMQ==","Y193ZWF0aGVyI1N1bm55fmNfdGltZSM3OjAwUE0=","TC_59.png"
"TC_60","Backward lane","Moving","8:00AM","Sunny","Moving","https://aitestingdata.s3.us-east-2.amazonaws.com/AI_TESTING_DEFAULT.png","NA","aV9zY2hvb2xidXNfc3RhdHVzI01vdmluZ35pX3NjaG9vbGJ1c19kaXJlY3Rpb24jQmFja3dhcmQgbGFuZSR3aWxzb25zdWVuI0J1cyBvbmx5IzEjMQ==","Y193ZWF0aGVyI1N1bm55fmNfdGltZSM4OjAwQU0=","TC_60.png"
"TC_61","Forward lane","Moving","12:00PM","Cloudy","Moving","https://aitestingdata.s3.us-east-2.amazonaws.com/AI_TESTING_DEFAULT.png","NA","aV9zY2hvb2xidXNfc3RhdHVzI01vdmluZ35pX3NjaG9vbGJ1c19kaXJlY3Rpb24jRm9yd2FyZCBsYW5lJHdpbHNvbnN1ZW4jQnVzIG9ubHkjMSMx","Y193ZWF0aGVyI0Nsb3VkeX5jX3RpbWUjMTI6MDBQTQ==","TC_61.png"
"TC_62","Forward lane","Moving","3:00PM","Cloudy","Moving","https://aitestingdata.s3.us-east-2.amazonaws.com/AI_TESTING_DEFAULT.png","NA","aV9zY2hvb2xidXNfc3RhdHVzI01vdmluZ35pX3NjaG9vbGJ1c19kaXJlY3Rpb24jRm9yd2FyZCBsYW5lJHdpbHNvbnN1ZW4jQnVzIG9ubHkjMSMx","Y193ZWF0aGVyI0Nsb3VkeX5jX3RpbWUjMzowMFBN","TC_62.png"
"TC_63","Forward lane","Moving","5:00PM","Cloudy","Moving","https://aitestingdata.s3.us-east-2.amazonaws.com/AI_TESTING_DEFAULT.png","NA","aV9zY2hvb2xidXNfc3RhdHVzI01vdmluZ35pX3NjaG9vbGJ1c19kaXJlY3Rpb24jRm9yd2FyZCBsYW5lJHdpbHNvbnN1ZW4jQnVzIG9ubHkjMSMx","Y193ZWF0aGVyI0Nsb3VkeX5jX3RpbWUjNTowMFBN","TC_63.png"
"TC_64","Forward lane","Moving","7:00PM","Cloudy","Moving","https://aitestingdata.s3.us-east-2.amazonaws.com/AI_TESTING_DEFAULT.png","NA","aV9zY2hvb2xidXNfc3RhdHVzI01vdmluZ35pX3NjaG9vbGJ1c19kaXJlY3Rpb24jRm9yd2FyZCBsYW5lJHdpbHNvbnN1ZW4jQnVzIG9ubHkjMSMx","Y193ZWF0aGVyI0Nsb3VkeX5jX3RpbWUjNzowMFBN","TC_64.png"
"TC_65","Forward lane","Moving","8:00AM","Cloudy","Moving","https://aitestingdata.s3.us-east-2.amazonaws.com/AI_TESTING_DEFAULT.png","NA","aV9zY2hvb2xidXNfc3RhdHVzI01vdmluZ35pX3NjaG9vbGJ1c19kaXJlY3Rpb24jRm9yd2FyZCBsYW5lJHdpbHNvbnN1ZW4jQnVzIG9ubHkjMSMx","Y193ZWF0aGVyI0Nsb3VkeX5jX3RpbWUjODowMEFN","TC_65.png"
"TC_66","Forward lane","Moving","12:00PM","Foggy","Moving","https://aitestingdata.s3.us-east-2.amazonaws.com/AI_TESTING_DEFAULT.png","NA","aV9zY2hvb2xidXNfc3RhdHVzI01vdmluZ35pX3NjaG9vbGJ1c19kaXJlY3Rpb24jRm9yd2FyZCBsYW5lJHdpbHNvbnN1ZW4jQnVzIG9ubHkjMSMx","Y193ZWF0aGVyI0ZvZ2d5fmNfdGltZSMxMjowMFBN","TC_66.png"
"TC_67","Forward lane","Moving","3:00PM","Foggy","Moving","https://aitestingdata.s3.us-east-2.amazonaws.com/AI_TESTING_DEFAULT.png","NA","aV9zY2hvb2xidXNfc3RhdHVzI01vdmluZ35pX3NjaG9vbGJ1c19kaXJlY3Rpb24jRm9yd2FyZCBsYW5lJHdpbHNvbnN1ZW4jQnVzIG9ubHkjMSMx","Y193ZWF0aGVyI0ZvZ2d5fmNfdGltZSMzOjAwUE0=","TC_67.png"
"TC_68","Forward lane","Moving","5:00PM","Foggy","Moving","https://aitestingdata.s3.us-east-2.amazonaws.com/AI_TESTING_DEFAULT.png","NA","aV9zY2hvb2xidXNfc3RhdHVzI01vdmluZ35pX3NjaG9vbGJ1c19kaXJlY3Rpb24jRm9yd2FyZCBsYW5lJHdpbHNvbnN1ZW4jQnVzIG9ubHkjMSMx","Y193ZWF0aGVyI0ZvZ2d5fmNfdGltZSM1OjAwUE0=","TC_68.png"
"TC_69","Forward lane","Moving","7:00PM","Foggy","Moving","https://aitestingdata.s3.us-east-2.amazonaws.com/AI_TESTING_DEFAULT.png","NA","aV9zY2hvb2xidXNfc3RhdHVzI01vdmluZ35pX3NjaG9vbGJ1c19kaXJlY3Rpb24jRm9yd2FyZCBsYW5lJHdpbHNvbnN1ZW4jQnVzIG9ubHkjMSMx","Y193ZWF0aGVyI0ZvZ2d5fmNfdGltZSM3OjAwUE0=","TC_69.png"
"TC_70","Forward lane","Moving","8:00AM","Foggy","Moving","https://aitestingdata.s3.us-east-2.amazonaws.com/AI_TESTING_DEFAULT.png","NA","aV9zY2hvb2xidXNfc3RhdHVzI01vdmluZ35pX3NjaG9vbGJ1c19kaXJlY3Rpb24jRm9yd2FyZCBsYW5lJHdpbHNvbnN1ZW4jQnVzIG9ubHkjMSMx","Y193ZWF0aGVyI0ZvZ2d5fmNfdGltZSM4OjAwQU0=","TC_70.png"
"TC_71","Forward lane","Moving","12:00PM","Rainning","Moving","https://aitestingdata.s3.us-east-2.amazonaws.com/AI_TESTING_DEFAULT.png","NA","aV9zY2hvb2xidXNfc3RhdHVzI01vdmluZ35pX3NjaG9vbGJ1c19kaXJlY3Rpb24jRm9yd2FyZCBsYW5lJHdpbHNvbnN1ZW4jQnVzIG9ubHkjMSMx","Y193ZWF0aGVyI1JhaW5uaW5nfmNfdGltZSMxMjowMFBN","TC_71.png"
"TC_72","Forward lane","Moving","3:00PM","Rainning","Moving","https://aitestingdata.s3.us-east-2.amazonaws.com/AI_TESTING_DEFAULT.png","NA","aV9zY2hvb2xidXNfc3RhdHVzI01vdmluZ35pX3NjaG9vbGJ1c19kaXJlY3Rpb24jRm9yd2FyZCBsYW5lJHdpbHNvbnN1ZW4jQnVzIG9ubHkjMSMx","Y193ZWF0aGVyI1JhaW5uaW5nfmNfdGltZSMzOjAwUE0=","TC_72.png"
"TC_73","Forward lane","Moving","5:00PM","Rainning","Moving","https://aitestingdata.s3.us-east-2.amazonaws.com/AI_TESTING_DEFAULT.png","NA","aV9zY2hvb2xidXNfc3RhdHVzI01vdmluZ35pX3NjaG9vbGJ1c19kaXJlY3Rpb24jRm9yd2FyZCBsYW5lJHdpbHNvbnN1ZW4jQnVzIG9ubHkjMSMx","Y193ZWF0aGVyI1JhaW5uaW5nfmNfdGltZSM1OjAwUE0=","TC_73.png"
"TC_74","Forward lane","Moving","7:00PM","Rainning","Moving","https://aitestingdata.s3.us-east-2.amazonaws.com/AI_TESTING_DEFAULT.png","NA","aV9zY2hvb2xidXNfc3RhdHVzI01vdmluZ35pX3NjaG9vbGJ1c19kaXJlY3Rpb24jRm9yd2FyZCBsYW5lJHdpbHNvbnN1ZW4jQnVzIG9ubHkjMSMx","Y193ZWF0aGVyI1JhaW5uaW5nfmNfdGltZSM3OjAwUE0=","TC_74.png"
"TC_75","Forward lane","Moving","8:00AM","Rainning","Moving","https://aitestingdata.s3.us-east-2.amazonaws.com/AI_TESTING_DEFAULT.png","NA","aV9zY2hvb2xidXNfc3RhdHVzI01vdmluZ35pX3NjaG9vbGJ1c19kaXJlY3Rpb24jRm9yd2FyZCBsYW5lJHdpbHNvbnN1ZW4jQnVzIG9ubHkjMSMx","Y193ZWF0aGVyI1JhaW5uaW5nfmNfdGltZSM4OjAwQU0=","TC_75.png"
"TC_76","Forward lane","Moving","12:00PM","Sunny","Moving","https://aitestingdata.s3.us-east-2.amazonaws.com/AI_TESTING_DEFAULT.png","NA","aV9zY2hvb2xidXNfc3RhdHVzI01vdmluZ35pX3NjaG9vbGJ1c19kaXJlY3Rpb24jRm9yd2FyZCBsYW5lJHdpbHNvbnN1ZW4jQnVzIG9ubHkjMSMx","Y193ZWF0aGVyI1N1bm55fmNfdGltZSMxMjowMFBN","TC_76.png"
"TC_77","Forward lane","Moving","3:00PM","Sunny","Moving","https://aitestingdata.s3.us-east-2.amazonaws.com/AI_TESTING_DEFAULT.png","NA","aV9zY2hvb2xidXNfc3RhdHVzI01vdmluZ35pX3NjaG9vbGJ1c19kaXJlY3Rpb24jRm9yd2FyZCBsYW5lJHdpbHNvbnN1ZW4jQnVzIG9ubHkjMSMx","Y193ZWF0aGVyI1N1bm55fmNfdGltZSMzOjAwUE0=","TC_77.png"
"TC_78","Forward lane","Moving","5:00PM","Sunny","Moving","https://aitestingdata.s3.us-east-2.amazonaws.com/AI_TESTING_DEFAULT.png","NA","aV9zY2hvb2xidXNfc3RhdHVzI01vdmluZ35pX3NjaG9vbGJ1c19kaXJlY3Rpb24jRm9yd2FyZCBsYW5lJHdpbHNvbnN1ZW4jQnVzIG9ubHkjMSMx","Y193ZWF0aGVyI1N1bm55fmNfdGltZSM1OjAwUE0=","TC_78.png"
"TC_79","Forward lane","Moving","7:00PM","Sunny","Moving","https://aitestingdata.s3.us-east-2.amazonaws.com/AI_TESTING_DEFAULT.png","NA","aV9zY2hvb2xidXNfc3RhdHVzI01vdmluZ35pX3NjaG9vbGJ1c19kaXJlY3Rpb24jRm9yd2FyZCBsYW5lJHdpbHNvbnN1ZW4jQnVzIG9ubHkjMSMx","Y193ZWF0aGVyI1N1bm55fmNfdGltZSM3OjAwUE0=","TC_79.png"
"TC_80","Forward lane","Moving","8:00AM","Sunny","Moving","https://aitestingdata.s3.us-east-2.amazonaws.com/AI_TESTING_DEFAULT.png","NA","aV9zY2hvb2xidXNfc3RhdHVzI01vdmluZ35pX3NjaG9vbGJ1c19kaXJlY3Rpb24jRm9yd2FyZCBsYW5lJHdpbHNvbnN1ZW4jQnVzIG9ubHkjMSMx","Y193ZWF0aGVyI1N1bm55fmNfdGltZSM4OjAwQU0=","TC_80.png"
"TC_81","Backward lane","Stop","12:00PM","Cloudy","Moving","https://aitestingdata.s3.us-east-2.amazonaws.com/AI_TESTING_DEFAULT.png","NA","aV9zY2hvb2xidXNfc3RhdHVzI1N0b3B+aV9zY2hvb2xidXNfZGlyZWN0aW9uI0JhY2t3YXJkIGxhbmUkd2lsc29uc3VlbiNCdXMgb25seSMxIzE=","Y193ZWF0aGVyI0Nsb3VkeX5jX3RpbWUjMTI6MDBQTQ==","TC_81.png"
"TC_82","Backward lane","Stop","3:00PM","Cloudy","Moving","https://aitestingdata.s3.us-east-2.amazonaws.com/AI_TESTING_DEFAULT.png","NA","aV9zY2hvb2xidXNfc3RhdHVzI1N0b3B+aV9zY2hvb2xidXNfZGlyZWN0aW9uI0JhY2t3YXJkIGxhbmUkd2lsc29uc3VlbiNCdXMgb25seSMxIzE=","Y193ZWF0aGVyI0Nsb3VkeX5jX3RpbWUjMzowMFBN","TC_82.png"
"TC_83","Backward lane","Stop","5:00PM","Cloudy","Moving","https://aitestingdata.s3.us-east-2.amazonaws.com/AI_TESTING_DEFAULT.png","NA","aV9zY2hvb2xidXNfc3RhdHVzI1N0b3B+aV9zY2hvb2xidXNfZGlyZWN0aW9uI0JhY2t3YXJkIGxhbmUkd2lsc29uc3VlbiNCdXMgb25seSMxIzE=","Y193ZWF0aGVyI0Nsb3VkeX5jX3RpbWUjNTowMFBN","TC_83.png"
"TC_84","Backward lane","Stop","7:00PM","Cloudy","Moving","https://aitestingdata.s3.us-east-2.amazonaws.com/AI_TESTING_DEFAULT.png","NA","aV9zY2hvb2xidXNfc3RhdHVzI1N0b3B+aV9zY2hvb2xidXNfZGlyZWN0aW9uI0JhY2t3YXJkIGxhbmUkd2lsc29uc3VlbiNCdXMgb25seSMxIzE=","Y193ZWF0aGVyI0Nsb3VkeX5jX3RpbWUjNzowMFBN","TC_84.png"
"TC_85","Backward lane","Stop","8:00AM","Cloudy","Moving","https://aitestingdata.s3.us-east-2.amazonaws.com/AI_TESTING_DEFAULT.png","NA","aV9zY2hvb2xidXNfc3RhdHVzI1N0b3B+aV9zY2hvb2xidXNfZGlyZWN0aW9uI0JhY2t3YXJkIGxhbmUkd2lsc29uc3VlbiNCdXMgb25seSMxIzE=","Y193ZWF0aGVyI0Nsb3VkeX5jX3RpbWUjODowMEFN","TC_85.png"
"TC_86","Backward lane","Stop","12:00PM","Foggy","Moving","https://aitestingdata.s3.us-east-2.amazonaws.com/AI_TESTING_DEFAULT.png","NA","aV9zY2hvb2xidXNfc3RhdHVzI1N0b3B+aV9zY2hvb2xidXNfZGlyZWN0aW9uI0JhY2t3YXJkIGxhbmUkd2lsc29uc3VlbiNCdXMgb25seSMxIzE=","Y193ZWF0aGVyI0ZvZ2d5fmNfdGltZSMxMjowMFBN","TC_86.png"
"TC_87","Backward lane","Stop","3:00PM","Foggy","Moving","https://aitestingdata.s3.us-east-2.amazonaws.com/AI_TESTING_DEFAULT.png","NA","aV9zY2hvb2xidXNfc3RhdHVzI1N0b3B+aV9zY2hvb2xidXNfZGlyZWN0aW9uI0JhY2t3YXJkIGxhbmUkd2lsc29uc3VlbiNCdXMgb25seSMxIzE=","Y193ZWF0aGVyI0ZvZ2d5fmNfdGltZSMzOjAwUE0=","TC_87.png"
"TC_88","Backward lane","Stop","5:00PM","Foggy","Moving","https://aitestingdata.s3.us-east-2.amazonaws.com/AI_TESTING_DEFAULT.png","NA","aV9zY2hvb2xidXNfc3RhdHVzI1N0b3B+aV9zY2hvb2xidXNfZGlyZWN0aW9uI0JhY2t3YXJkIGxhbmUkd2lsc29uc3VlbiNCdXMgb25seSMxIzE=","Y193ZWF0aGVyI0ZvZ2d5fmNfdGltZSM1OjAwUE0=","TC_88.png"
"TC_89","Backward lane","Stop","7:00PM","Foggy","Moving","https://aitestingdata.s3.us-east-2.amazonaws.com/AI_TESTING_DEFAULT.png","NA","aV9zY2hvb2xidXNfc3RhdHVzI1N0b3B+aV9zY2hvb2xidXNfZGlyZWN0aW9uI0JhY2t3YXJkIGxhbmUkd2lsc29uc3VlbiNCdXMgb25seSMxIzE=","Y193ZWF0aGVyI0ZvZ2d5fmNfdGltZSM3OjAwUE0=","TC_89.png"
"TC_90","Backward lane","Stop","8:00AM","Foggy","Moving","https://aitestingdata.s3.us-east-2.amazonaws.com/AI_TESTING_DEFAULT.png","NA","aV9zY2hvb2xidXNfc3RhdHVzI1N0b3B+aV9zY2hvb2xidXNfZGlyZWN0aW9uI0JhY2t3YXJkIGxhbmUkd2lsc29uc3VlbiNCdXMgb25seSMxIzE=","Y193ZWF0aGVyI0ZvZ2d5fmNfdGltZSM4OjAwQU0=","TC_90.png"
"TC_91","Backward lane","Stop","12:00PM","Rainning","Moving","https://aitestingdata.s3.us-east-2.amazonaws.com/AI_TESTING_DEFAULT.png","NA","aV9zY2hvb2xidXNfc3RhdHVzI1N0b3B+aV9zY2hvb2xidXNfZGlyZWN0aW9uI0JhY2t3YXJkIGxhbmUkd2lsc29uc3VlbiNCdXMgb25seSMxIzE=","Y193ZWF0aGVyI1JhaW5uaW5nfmNfdGltZSMxMjowMFBN","TC_91.png"
"TC_92","Backward lane","Stop","3:00PM","Rainning","Moving","https://aitestingdata.s3.us-east-2.amazonaws.com/AI_TESTING_DEFAULT.png","NA","aV9zY2hvb2xidXNfc3RhdHVzI1N0b3B+aV9zY2hvb2xidXNfZGlyZWN0aW9uI0JhY2t3YXJkIGxhbmUkd2lsc29uc3VlbiNCdXMgb25seSMxIzE=","Y193ZWF0aGVyI1JhaW5uaW5nfmNfdGltZSMzOjAwUE0=","TC_92.png"
"TC_93","Backward lane","Stop","5:00PM","Rainning","Moving","https://aitestingdata.s3.us-east-2.amazonaws.com/AI_TESTING_DEFAULT.png","NA","aV9zY2hvb2xidXNfc3RhdHVzI1N0b3B+aV9zY2hvb2xidXNfZGlyZWN0aW9uI0JhY2t3YXJkIGxhbmUkd2lsc29uc3VlbiNCdXMgb25seSMxIzE=","Y193ZWF0aGVyI1JhaW5uaW5nfmNfdGltZSM1OjAwUE0=","TC_93.png"
"TC_94","Backward lane","Stop","7:00PM","Rainning","Moving","https://aitestingdata.s3.us-east-2.amazonaws.com/AI_TESTING_DEFAULT.png","NA","aV9zY2hvb2xidXNfc3RhdHVzI1N0b3B+aV9zY2hvb2xidXNfZGlyZWN0aW9uI0JhY2t3YXJkIGxhbmUkd2lsc29uc3VlbiNCdXMgb25seSMxIzE=","Y193ZWF0aGVyI1JhaW5uaW5nfmNfdGltZSM3OjAwUE0=","TC_94.png"
"TC_95","Backward lane","Stop","8:00AM","Rainning","Moving","https://aitestingdata.s3.us-east-2.amazonaws.com/AI_TESTING_DEFAULT.png","NA","aV9zY2hvb2xidXNfc3RhdHVzI1N0b3B+aV9zY2hvb2xidXNfZGlyZWN0aW9uI0JhY2t3YXJkIGxhbmUkd2lsc29uc3VlbiNCdXMgb25seSMxIzE=","Y193ZWF0aGVyI1JhaW5uaW5nfmNfdGltZSM4OjAwQU0=","TC_95.png"
"TC_96","Backward lane","Stop","12:00PM","Sunny","Moving","https://aitestingdata.s3.us-east-2.amazonaws.com/AI_TESTING_DEFAULT.png","NA","aV9zY2hvb2xidXNfc3RhdHVzI1N0b3B+aV9zY2hvb2xidXNfZGlyZWN0aW9uI0JhY2t3YXJkIGxhbmUkd2lsc29uc3VlbiNCdXMgb25seSMxIzE=","Y193ZWF0aGVyI1N1bm55fmNfdGltZSMxMjowMFBN","TC_96.png"
"TC_97","Backward lane","Stop","3:00PM","Sunny","Moving","https://aitestingdata.s3.us-east-2.amazonaws.com/AI_TESTING_DEFAULT.png","NA","aV9zY2hvb2xidXNfc3RhdHVzI1N0b3B+aV9zY2hvb2xidXNfZGlyZWN0aW9uI0JhY2t3YXJkIGxhbmUkd2lsc29uc3VlbiNCdXMgb25seSMxIzE=","Y193ZWF0aGVyI1N1bm55fmNfdGltZSMzOjAwUE0=","TC_97.png"
"TC_98","Backward lane","Stop","5:00PM","Sunny","Moving","https://aitestingdata.s3.us-east-2.amazonaws.com/AI_TESTING_DEFAULT.png","NA","aV9zY2hvb2xidXNfc3RhdHVzI1N0b3B+aV9zY2hvb2xidXNfZGlyZWN0aW9uI0JhY2t3YXJkIGxhbmUkd2lsc29uc3VlbiNCdXMgb25seSMxIzE=","Y193ZWF0aGVyI1N1bm55fmNfdGltZSM1OjAwUE0=","TC_98.png"
"TC_99","Backward lane","Stop","7:00PM","Sunny","Moving","https://aitestingdata.s3.us-east-2.amazonaws.com/AI_TESTING_DEFAULT.png","NA","aV9zY2hvb2xidXNfc3RhdHVzI1N0b3B+aV9zY2hvb2xidXNfZGlyZWN0aW9uI0JhY2t3YXJkIGxhbmUkd2lsc29uc3VlbiNCdXMgb25seSMxIzE=","Y193ZWF0aGVyI1N1bm55fmNfdGltZSM3OjAwUE0=","TC_99.png"
"TC_100","Backward lane","Stop","8:00AM","Sunny","Moving","https://aitestingdata.s3.us-east-2.amazonaws.com/AI_TESTING_DEFAULT.png","NA","aV9zY2hvb2xidXNfc3RhdHVzI1N0b3B+aV9zY2hvb2xidXNfZGlyZWN0aW9uI0JhY2t3YXJkIGxhbmUkd2lsc29uc3VlbiNCdXMgb25seSMxIzE=","Y193ZWF0aGVyI1N1bm55fmNfdGltZSM4OjAwQU0=","TC_100.png"
"TC_101","Forward lane","Stop","12:00PM","Cloudy","Moving","https://aitestingdata.s3.us-east-2.amazonaws.com/AI_TESTING_DEFAULT.png","NA","aV9zY2hvb2xidXNfc3RhdHVzI1N0b3B+aV9zY2hvb2xidXNfZGlyZWN0aW9uI0ZvcndhcmQgbGFuZSR3aWxzb25zdWVuI0J1cyBvbmx5IzEjMQ==","Y193ZWF0aGVyI0Nsb3VkeX5jX3RpbWUjMTI6MDBQTQ==","TC_101.png"
"TC_102","Forward lane","Stop","3:00PM","Cloudy","Moving","https://aitestingdata.s3.us-east-2.amazonaws.com/AI_TESTING_DEFAULT.png","NA","aV9zY2hvb2xidXNfc3RhdHVzI1N0b3B+aV9zY2hvb2xidXNfZGlyZWN0aW9uI0ZvcndhcmQgbGFuZSR3aWxzb25zdWVuI0J1cyBvbmx5IzEjMQ==","Y193ZWF0aGVyI0Nsb3VkeX5jX3RpbWUjMzowMFBN","TC_102.png"
"TC_103","Forward lane","Stop","5:00PM","Cloudy","Moving","https://aitestingdata.s3.us-east-2.amazonaws.com/AI_TESTING_DEFAULT.png","NA","aV9zY2hvb2xidXNfc3RhdHVzI1N0b3B+aV9zY2hvb2xidXNfZGlyZWN0aW9uI0ZvcndhcmQgbGFuZSR3aWxzb25zdWVuI0J1cyBvbmx5IzEjMQ==","Y193ZWF0aGVyI0Nsb3VkeX5jX3RpbWUjNTowMFBN","TC_103.png"
"TC_104","Forward lane","Stop","7:00PM","Cloudy","Moving","https://aitestingdata.s3.us-east-2.amazonaws.com/AI_TESTING_DEFAULT.png","NA","aV9zY2hvb2xidXNfc3RhdHVzI1N0b3B+aV9zY2hvb2xidXNfZGlyZWN0aW9uI0ZvcndhcmQgbGFuZSR3aWxzb25zdWVuI0J1cyBvbmx5IzEjMQ==","Y193ZWF0aGVyI0Nsb3VkeX5jX3RpbWUjNzowMFBN","TC_104.png"
"TC_105","Forward lane","Stop","8:00AM","Cloudy","Moving","https://aitestingdata.s3.us-east-2.amazonaws.com/AI_TESTING_DEFAULT.png","NA","aV9zY2hvb2xidXNfc3RhdHVzI1N0b3B+aV9zY2hvb2xidXNfZGlyZWN0aW9uI0ZvcndhcmQgbGFuZSR3aWxzb25zdWVuI0J1cyBvbmx5IzEjMQ==","Y193ZWF0aGVyI0Nsb3VkeX5jX3RpbWUjODowMEFN","TC_105.png"
"TC_106","Forward lane","Stop","12:00PM","Foggy","Moving","https://aitestingdata.s3.us-east-2.amazonaws.com/AI_TESTING_DEFAULT.png","NA","aV9zY2hvb2xidXNfc3RhdHVzI1N0b3B+aV9zY2hvb2xidXNfZGlyZWN0aW9uI0ZvcndhcmQgbGFuZSR3aWxzb25zdWVuI0J1cyBvbmx5IzEjMQ==","Y193ZWF0aGVyI0ZvZ2d5fmNfdGltZSMxMjowMFBN","TC_106.png"
"TC_107","Forward lane","Stop","3:00PM","Foggy","Moving","https://aitestingdata.s3.us-east-2.amazonaws.com/AI_TESTING_DEFAULT.png","NA","aV9zY2hvb2xidXNfc3RhdHVzI1N0b3B+aV9zY2hvb2xidXNfZGlyZWN0aW9uI0ZvcndhcmQgbGFuZSR3aWxzb25zdWVuI0J1cyBvbmx5IzEjMQ==","Y193ZWF0aGVyI0ZvZ2d5fmNfdGltZSMzOjAwUE0=","TC_107.png"
"TC_108","Forward lane","Stop","5:00PM","Foggy","Moving","https://aitestingdata.s3.us-east-2.amazonaws.com/AI_TESTING_DEFAULT.png","NA","aV9zY2hvb2xidXNfc3RhdHVzI1N0b3B+aV9zY2hvb2xidXNfZGlyZWN0aW9uI0ZvcndhcmQgbGFuZSR3aWxzb25zdWVuI0J1cyBvbmx5IzEjMQ==","Y193ZWF0aGVyI0ZvZ2d5fmNfdGltZSM1OjAwUE0=","TC_108.png"
"TC_109","Forward lane","Stop","7:00PM","Foggy","Moving","https://aitestingdata.s3.us-east-2.amazonaws.com/AI_TESTING_DEFAULT.png","NA","aV9zY2hvb2xidXNfc3RhdHVzI1N0b3B+aV9zY2hvb2xidXNfZGlyZWN0aW9uI0ZvcndhcmQgbGFuZSR3aWxzb25zdWVuI0J1cyBvbmx5IzEjMQ==","Y193ZWF0aGVyI0ZvZ2d5fmNfdGltZSM3OjAwUE0=","TC_109.png"
"TC_110","Forward lane","Stop","8:00AM","Foggy","Moving","https://aitestingdata.s3.us-east-2.amazonaws.com/AI_TESTING_DEFAULT.png","NA","aV9zY2hvb2xidXNfc3RhdHVzI1N0b3B+aV9zY2hvb2xidXNfZGlyZWN0aW9uI0ZvcndhcmQgbGFuZSR3aWxzb25zdWVuI0J1cyBvbmx5IzEjMQ==","Y193ZWF0aGVyI0ZvZ2d5fmNfdGltZSM4OjAwQU0=","TC_110.png"
"TC_111","Forward lane","Stop","12:00PM","Rainning","Moving","https://aitestingdata.s3.us-east-2.amazonaws.com/AI_TESTING_DEFAULT.png","NA","aV9zY2hvb2xidXNfc3RhdHVzI1N0b3B+aV9zY2hvb2xidXNfZGlyZWN0aW9uI0ZvcndhcmQgbGFuZSR3aWxzb25zdWVuI0J1cyBvbmx5IzEjMQ==","Y193ZWF0aGVyI1JhaW5uaW5nfmNfdGltZSMxMjowMFBN","TC_111.png"
"TC_112","Forward lane","Stop","3:00PM","Rainning","Moving","https://aitestingdata.s3.us-east-2.amazonaws.com/AI_TESTING_DEFAULT.png","NA","aV9zY2hvb2xidXNfc3RhdHVzI1N0b3B+aV9zY2hvb2xidXNfZGlyZWN0aW9uI0ZvcndhcmQgbGFuZSR3aWxzb25zdWVuI0J1cyBvbmx5IzEjMQ==","Y193ZWF0aGVyI1JhaW5uaW5nfmNfdGltZSMzOjAwUE0=","TC_112.png"
"TC_113","Forward lane","Stop","5:00PM","Rainning","Moving","https://aitestingdata.s3.us-east-2.amazonaws.com/AI_TESTING_DEFAULT.png","NA","aV9zY2hvb2xidXNfc3RhdHVzI1N0b3B+aV9zY2hvb2xidXNfZGlyZWN0aW9uI0ZvcndhcmQgbGFuZSR3aWxzb25zdWVuI0J1cyBvbmx5IzEjMQ==","Y193ZWF0aGVyI1JhaW5uaW5nfmNfdGltZSM1OjAwUE0=","TC_113.png"
"TC_114","Forward lane","Stop","7:00PM","Rainning","Moving","https://aitestingdata.s3.us-east-2.amazonaws.com/AI_TESTING_DEFAULT.png","NA","aV9zY2hvb2xidXNfc3RhdHVzI1N0b3B+aV9zY2hvb2xidXNfZGlyZWN0aW9uI0ZvcndhcmQgbGFuZSR3aWxzb25zdWVuI0J1cyBvbmx5IzEjMQ==","Y193ZWF0aGVyI1JhaW5uaW5nfmNfdGltZSM3OjAwUE0=","TC_114.png"
"TC_115","Forward lane","Stop","8:00AM","Rainning","Moving","https://aitestingdata.s3.us-east-2.amazonaws.com/AI_TESTING_DEFAULT.png","NA","aV9zY2hvb2xidXNfc3RhdHVzI1N0b3B+aV9zY2hvb2xidXNfZGlyZWN0aW9uI0ZvcndhcmQgbGFuZSR3aWxzb25zdWVuI0J1cyBvbmx5IzEjMQ==","Y193ZWF0aGVyI1JhaW5uaW5nfmNfdGltZSM4OjAwQU0=","TC_115.png"
"TC_116","Forward lane","Stop","12:00PM","Sunny","Moving","https://aitestingdata.s3.us-east-2.amazonaws.com/AI_TESTING_DEFAULT.png","NA","aV9zY2hvb2xidXNfc3RhdHVzI1N0b3B+aV9zY2hvb2xidXNfZGlyZWN0aW9uI0ZvcndhcmQgbGFuZSR3aWxzb25zdWVuI0J1cyBvbmx5IzEjMQ==","Y193ZWF0aGVyI1N1bm55fmNfdGltZSMxMjowMFBN","TC_116.png"
"TC_117","Forward lane","Stop","3:00PM","Sunny","Moving","https://aitestingdata.s3.us-east-2.amazonaws.com/AI_TESTING_DEFAULT.png","NA","aV9zY2hvb2xidXNfc3RhdHVzI1N0b3B+aV9zY2hvb2xidXNfZGlyZWN0aW9uI0ZvcndhcmQgbGFuZSR3aWxzb25zdWVuI0J1cyBvbmx5IzEjMQ==","Y193ZWF0aGVyI1N1bm55fmNfdGltZSMzOjAwUE0=","TC_117.png"
"TC_118","Forward lane","Stop","5:00PM","Sunny","Moving","https://aitestingdata.s3.us-east-2.amazonaws.com/AI_TESTING_DEFAULT.png","NA","aV9zY2hvb2xidXNfc3RhdHVzI1N0b3B+aV9zY2hvb2xidXNfZGlyZWN0aW9uI0ZvcndhcmQgbGFuZSR3aWxzb25zdWVuI0J1cyBvbmx5IzEjMQ==","Y193ZWF0aGVyI1N1bm55fmNfdGltZSM1OjAwUE0=","TC_118.png"
"TC_119","Forward lane","Stop","7:00PM","Sunny","Moving","https://aitestingdata.s3.us-east-2.amazonaws.com/AI_TESTING_DEFAULT.png","NA","aV9zY2hvb2xidXNfc3RhdHVzI1N0b3B+aV9zY2hvb2xidXNfZGlyZWN0aW9uI0ZvcndhcmQgbGFuZSR3aWxzb25zdWVuI0J1cyBvbmx5IzEjMQ==","Y193ZWF0aGVyI1N1bm55fmNfdGltZSM3OjAwUE0=","TC_119.png"
"TC_120","Forward lane","Stop","8:00AM","Sunny","Moving","https://aitestingdata.s3.us-east-2.amazonaws.com/AI_TESTING_DEFAULT.png","NA","aV9zY2hvb2xidXNfc3RhdHVzI1N0b3B+aV9zY2hvb2xidXNfZGlyZWN0aW9uI0ZvcndhcmQgbGFuZSR3aWxzb25zdWVuI0J1cyBvbmx5IzEjMQ==","Y193ZWF0aGVyI1N1bm55fmNfdGltZSM4OjAwQU0=","TC_120.png"
